File,Score
TestReal-PC19-55Blood.tsv,0.31516969203948975
TestReal-PC19-16Blood.tsv,0.2366170883178711
TestReal-PC19-40Blood.tsv,0.27282822132110596
TestReal-PC19-39Blood.tsv,0.3155454993247986
TestReal-PC19-44Blood.tsv,0.14947067201137543
TestReal-PC19-68Blood.tsv,0.17170415818691254
TestReal-PC19-64Blood.tsv,0.15509049594402313
